Топоним,Топоним (оригинал/транскр),Тип,Источник ,Главы в источниках,Исторические памятники и параллели,Комментарии,"Топогеографичский указатель КЦ, стр.",
Aphxazeti,აფხაზეთისა [apkhazetisa],P,"Martyr. S. Habo // წამებაჲ წმიდისა და ნეტარისა მოწამისა ქრისტესისა ჰაბოჲსი, 
რომელი იწამა ქართლს შინა, ქალაქსა ტფილისს, ჴელითა 
სარკინოზთაჲთა, გამოთქუმული იოვანე ძისა საბანისი ბრძანებითა ქრისტჱს მიერ სამოელ ქართლისა კათალიკოზისაჲთა/",2,-,Abkhazia,-,
Agara,აგარისთა [agarista],Pa,"Martyr. S. Habo // წამებაჲ წმიდისა და ნეტარისა მოწამისა ქრისტესისა ჰაბოჲსი, 
რომელი იწამა ქართლს შინა, ქალაქსა ტფილისს, ჴელითა 
სარკინოზთაჲთა, გამოთქუმული იოვანე ძისა საბანისი ბრძანებითა ქრისტჱს მიერ სამოელ ქართლისა კათალიკოზისაჲთა/",2,Mart._Konst._Kax.,посёлок в районе Шида-Картли ,18,
Apsarus,აფსარეაჲსაჲ [apsareaysay],,"Martyr. S. Habo // წამებაჲ წმიდისა და ნეტარისა მოწამისა ქრისტესისა ჰაბოჲსი, 
რომელი იწამა ქართლს შინა, ქალაქსა ტფილისს, ჴელითა 
სარკინოზთაჲთა, გამოთქუმული იოვანე ძისა საბანისი ბრძანებითა ქრისტჱს მიერ სამოელ ქართლისა კათალიკოზისაჲთა/",2,-,,-,
Babylon ,ბაბილოვნისა [babilovnisa],,"Martyr. S. Habo // წამებაჲ წმიდისა და ნეტარისა მოწამისა ქრისტესისა ჰაბოჲსი, 
რომელი იწამა ქართლს შინა, ქალაქსა ტფილისს, ჴელითა 
სარკინოზთაჲთა, გამოთქუმული იოვანე ძისა საბანისი ბრძანებითა ქრისტჱს მიერ სამოელ ქართლისა კათალიკოზისაჲთა/",2,"Mart._Konst._Kax., Vita_Serap.Zarzm.",,-,
Baghdad,ბაღდად [baghdad],,"Martyr. S. Habo // წამებაჲ წმიდისა და ნეტარისა მოწამისა ქრისტესისა ჰაბოჲსი, 
რომელი იწამა ქართლს შინა, ქალაქსა ტფილისს, ჴელითა 
სარკინოზთაჲთა, გამოთქუმული იოვანე ძისა საბანისი ბრძანებითა ქრისტჱს მიერ სამოელ ქართლისა კათალიკოზისაჲთა/",2,"Mart._Gobr., Vita_Grig.Xanct.",,-,
Chaldea,ქალდიაჲსა [kaldiaysa],,"Martyr. S. Habo // წამებაჲ წმიდისა და ნეტარისა მოწამისა ქრისტესისა ჰაბოჲსი, 
რომელი იწამა ქართლს შინა, ქალაქსა ტფილისს, ჴელითა 
სარკინოზთაჲთა, გამოთქუმული იოვანე ძისა საბანისი ბრძანებითა ქრისტჱს მიერ სამოელ ქართლისა კათალიკოზისაჲთა/",2,-,,-,
Constatinople,კოსტანტინეპოვლი [k’ost’ant’inep’ovli],,"Martyr. S. Habo // წამებაჲ წმიდისა და ნეტარისა მოწამისა ქრისტესისა ჰაბოჲსი, 
რომელი იწამა ქართლს შინა, ქალაქსა ტფილისს, ჴელითა 
სარკინოზთაჲთა, გამოთქუმული იოვანე ძისა საბანისი ბრძანებითა ქრისტჱს მიერ სამოელ ქართლისა კათალიკოზისაჲთა/"," 2,  3",-,,-,
Darial,დარიალან [darialan],M,"Martyr. S. Habo // წამებაჲ წმიდისა და ნეტარისა მოწამისა ქრისტესისა ჰაბოჲსი, 
რომელი იწამა ქართლს შინა, ქალაქსა ტფილისს, ჴელითა 
სარკინოზთაჲთა, გამოთქუმული იოვანე ძისა საბანისი ბრძანებითა ქრისტჱს მიერ სამოელ ქართლისა კათალიკოზისაჲთა/",2,-,,174-178,
Jerusalem,იერუსალჱმს [ierusalims],,"Martyr. S. Habo // წამებაჲ წმიდისა და ნეტარისა მოწამისა ქრისტესისა ჰაბოჲსი, 
რომელი იწამა ქართლს შინა, ქალაქსა ტფილისს, ჴელითა 
სარკინოზთაჲთა, გამოთქუმული იოვანე ძისა საბანისი ბრძანებითა ქრისტჱს მიერ სამოელ ქართლისა კათალიკოზისაჲთა/",1,"Mart._Konst._Kax., Vita_Dav.Gar., Vita_Grig.Xanct.",,-,
Jordan ,იორდანი [iordani],,"Martyr. S. Habo // წამებაჲ წმიდისა და ნეტარისა მოწამისა ქრისტესისა ჰაბოჲსი, 
რომელი იწამა ქართლს შინა, ქალაქსა ტფილისს, ჴელითა 
სარკინოზთაჲთა, გამოთქუმული იოვანე ძისა საბანისი ბრძანებითა ქრისტჱს მიერ სამოელ ქართლისა კათალიკოზისაჲთა/",3,Vita_Serap.Zarzm.,,-,
Kartli,ქართლი [kartli],,"Martyr. S. Habo // წამებაჲ წმიდისა და ნეტარისა მოწამისა ქრისტესისა ჰაბოჲსი, 
რომელი იწამა ქართლს შინა, ქალაქსა ტფილისს, ჴელითა 
სარკინოზთაჲთა, გამოთქუმული იოვანე ძისა საბანისი ბრძანებითა ქრისტჱს მიერ სამოელ ქართლისა კათალიკოზისაჲთა/",Title ,KCx,,-,
Magog,მაგოგისთაჲ [magogistay],,"Martyr. S. Habo // წამებაჲ წმიდისა და ნეტარისა მოწამისა ქრისტესისა ჰაბოჲსი, 
რომელი იწამა ქართლს შინა, ქალაქსა ტფილისს, ჴელითა 
სარკინოზთაჲთა, გამოთქუმული იოვანე ძისა საბანისი ბრძანებითა ქრისტჱს მიერ სამოელ ქართლისა კათალიკოზისაჲთა/",2,-,,-,
Nicopsis,ნაფსაჲ [napsay],,"Martyr. S. Habo // წამებაჲ წმიდისა და ნეტარისა მოწამისა ქრისტესისა ჰაბოჲსი, 
რომელი იწამა ქართლს შინა, ქალაქსა ტფილისს, ჴელითა 
სარკინოზთაჲთა, გამოთქუმული იოვანე ძისა საბანისი ბრძანებითა ქრისტჱს მიერ სამოელ ქართლისა კათალიკოზისაჲთა/",2,-,,-,
Ossetia,ოვსეთისაჲ [ovseti],,"Martyr. S. Habo // წამებაჲ წმიდისა და ნეტარისა მოწამისა ქრისტესისა ჰაბოჲსი, 
რომელი იწამა ქართლს შინა, ქალაქსა ტფილისს, ჴელითა 
სარკინოზთაჲთა, გამოთქუმული იოვანე ძისა საბანისი ბრძანებითა ქრისტჱს მიერ სამოელ ქართლისა კათალიკოზისაჲთა/",2,-,,-,
Pontus,პონტოჲსაჲ [p’ont’oჲsay],,"Martyr. S. Habo // წამებაჲ წმიდისა და ნეტარისა მოწამისა ქრისტესისა ჰაბოჲსი, 
რომელი იწამა ქართლს შინა, ქალაქსა ტფილისს, ჴელითა 
სარკინოზთაჲთა, გამოთქუმული იოვანე ძისა საბანისი ბრძანებითა ქრისტჱს მიერ სამოელ ქართლისა კათალიკოზისაჲთა/",2,-,,-,
Sadakhlo,სადილეგო [sadilego],,"Martyr. S. Habo // წამებაჲ წმიდისა და ნეტარისა მოწამისა ქრისტესისა ჰაბოჲსი, 
რომელი იწამა ქართლს შინა, ქალაქსა ტფილისს, ჴელითა 
სარკინოზთაჲთა, გამოთქუმული იოვანე ძისა საბანისი ბრძანებითა ქრისტჱს მიერ სამოელ ქართლისა კათალიკოზისაჲთა/",3,-,,-,
Tbilisi,ტფილის [t’pilis],,"Martyr. S. Habo // წამებაჲ წმიდისა და ნეტარისა მოწამისა ქრისტესისა ჰაბოჲსი, 
რომელი იწამა ქართლს შინა, ქალაქსა ტფილისს, ჴელითა 
სარკინოზთაჲთა, გამოთქუმული იოვანე ძისა საბანისი ბრძანებითა ქრისტჱს მიერ სამოელ ქართლისა კათალიკოზისაჲთა/",Title ,KCx,,230-239,
Trebizond,ტრაპეზუნტიაჲ [t’rap’ezunt’iaჲ],,"Martyr. S. Habo // წამებაჲ წმიდისა და ნეტარისა მოწამისა ქრისტესისა ჰაბოჲსი, 
რომელი იწამა ქართლს შინა, ქალაქსა ტფილისს, ჴელითა 
სარკინოზთაჲთა, გამოთქუმული იოვანე ძისა საბანისი ბრძანებითა ქრისტჱს მიერ სამოელ ქართლისა კათალიკოზისაჲთა/",2,-,,-,
Aragvi,არაგუსა [aragusa],F,Mokcevay kart‛lisay // მოქცევაჲ ქართლისაჲ,13,,,-,
Aragvi,არაგჳ [aragŭi],F,Mokcevay kart‛lisay // მოქცევაჲ ქართლისაჲ,10,,,-,
Aragvi,არაგუსა [aragusa],F,Mokcevay kart‛lisay // მოქცევაჲ ქართლისაჲ,1,,,-,
Armazi,არმაზი [armazi],C,Mokcevay kart‛lisay // მოქცევაჲ ქართლისაჲ,1,,,46-54,
Armazi,არმაზს [არმაზს],C,Mokcevay kart‛lisay // მოქცევაჲ ქართლისაჲ,4,,,46-54,
Armazi,არმაზისა [armazisa],C,Mokcevay kart‛lisay // მოქცევაჲ ქართლისაჲ,6,,,46-54,
Armazi,არმაზისი [armazisi],C,Mokcevay kart‛lisay // მოქცევაჲ ქართლისაჲ,8,,,46-54,
Armazi,არმაზისა [armazisa],C,Mokcevay kart‛lisay // მოქცევაჲ ქართლისაჲ,15,,,46-54,
Babylon,ბაბილოვნით [babilovnit],,Mokcevay kart‛lisay // მოქცევაჲ ქართლისაჲ,12,,,-,
Baghdad,ბაღდადი [baghdadi],,Mokcevay kart‛lisay // მოქცევაჲ ქართლისაჲ,1,,,-,
Baghdad,ბაღდადს [baghdads],,Mokcevay kart‛lisay // მოქცევაჲ ქართლისაჲ,1,,,-,
Baghdad,ბალდადისი [baldadisi],,Mokcevay kart‛lisay // მოქცევაჲ ქართლისაჲ,1,,Arm. Բաղդադ,-,
Bodbe,ბოდინი [bodini],,Mokcevay kart‛lisay // მოქცევაჲ ქართლისაჲ,1,,,118-120,
Bodi,ბოდს [bods],,Mokcevay kart‛lisay // მოქცევაჲ ქართლისაჲ,15,,,120,
Bodishi,ბოდისი [bodisi] ,Pa,Mokcevay kart‛lisay // მოქცევაჲ ქართლისაჲ,13,,,120,
Budda,ბუდს [buds],,Mokcevay kart‛lisay // მოქცევაჲ ქართლისაჲ,2,,,,
Cappadocia,კაბადუკიაჲთ [k’abaduk’ia],,Mokcevay kart‛lisay // მოქცევაჲ ქართლისაჲ,3,,,,
Cixe didi,ციხე-დიდი [tsikhe-didi],,Mokcevay kart‛lisay // მოქცევაჲ ქართლისაჲ,12,,,586-588,
Constantinople,კოსტანტინეპოვლით [k’ost’ant’inep’ovlit],,Mokcevay kart‛lisay // მოქცევაჲ ქართლისაჲ,12,,,-,
Egrisi (Lazika),ეგრის წყალი [egris ts’q’ali],C,Mokcevay kart‛lisay // მოქცევაჲ ქართლისაჲ,1,,,200,
Egypt,ეგჳპტით [egŭip’t’it],,Mokcevay kart‛lisay // მოქცევაჲ ქართლისაჲ,12,,,-,
Ertsud (tianeti),ერწუდ [erts’ud],,Mokcevay kart‛lisay // მოქცევაჲ ქართლისაჲ,1,,,205,
Gardabani,გარდბანს [gardbans],,Mokcevay kart‛lisay // მოქცევაჲ ქართლისაჲ,1,,,-,
Garizi,გარიზინსა [garizinsa],,Mokcevay kart‛lisay // მოქცევაჲ ქართლისაჲ,7,,,-,
Gareubani,გარეუბნისა [gareubnisa],,Mokcevay kart‛lisay // მოქცევაჲ ქართლისაჲ,1,,,-,
Gebali,გებალსა [gebalsa],,Mokcevay kart‛lisay // მოქცევაჲ ქართლისაჲ,7,,,-,
Ghdamara,ღდამარასა [ghdamara],,Mokcevay kart‛lisay // მოქცევაჲ ქართლისაჲ,3,,,-,
Greece,საბერძნეთსა [saberdznetsa],,Mokcevay kart‛lisay // მოქცევაჲ ქართლისაჲ,4,,,-,
Greece,საბერძნეთა [saberdzneta],,Mokcevay kart‛lisay // მოქცევაჲ ქართლისაჲ,10,,,-,
Gza,გზაჲ [gza],,Mokcevay kart‛lisay // მოქცევაჲ ქართლისაჲ,3,,,-,
Hereti,ჰერეთი [hereti],,Mokcevay kart‛lisay // მოქცევაჲ ქართლისაჲ,1,,,-,
Hereti,ჰერეთს [herets],,Mokcevay kart‛lisay // მოქცევაჲ ქართლისაჲ,1,,"Эрети (Ар-ран, Кавк. Албания, Агванк)",-,
India,ჰინდოეთს [hindoets],,Mokcevay kart‛lisay // მოქცევაჲ ქართლისაჲ,2,,,,
Javakheti,ჯავახეთისათა [javakhetisata],P,Mokcevay kart‛lisay // მოქცევაჲ ქართლისაჲ,4,,,-,
Jordan,იორდანესა [iordanesa],,Mokcevay kart‛lisay // მოქცევაჲ ქართლისაჲ,3,,,-,
Kakheti,კხოეთისასა [k’khoetisasa],,Mokcevay kart‛lisay // მოქცევაჲ ქართლისაჲ,1,,,-,
Kakheti,კახეთისასა [k’akhetisasa],,Mokcevay kart‛lisay // მოქცევაჲ ქართლისაჲ,1,,,-,
Kakheti,კხოეთისასა [k’khoetisasa],,Mokcevay kart‛lisay // მოქცევაჲ ქართლისაჲ,2,,,-,
Kakheti,კახეთისა [k’akhetisa],,Mokcevay kart‛lisay // მოქცევაჲ ქართლისაჲ," 12, 15",,,-,
Kala,კალაჲ [k’ala],,Mokcevay kart‛lisay // მოქცევაჲ ქართლისაჲ,1,,,275-281,
Kartli,ქართლი [kartli],,Mokcevay kart‛lisay // მოქცევაჲ ქართლისაჲ,1,,,-,
Kartli,არიან-ქართლით [arian-kartlit],,Mokcevay kart‛lisay // მოქცევაჲ ქართლისაჲ,6,,,-,
Kaspi,კასპი [k’asp’i],,Mokcevay kart‛lisay // მოქცევაჲ ქართლისაჲ,1,,,285-287,
Kaspi,კასპად [k’asp’ad],,Mokcevay kart‛lisay // მოქცევაჲ ქართლისაჲ,9,,,285-287,
Kaspi,კასპისასა [k’asp’isasa],,Mokcevay kart‛lisay // მოქცევაჲ ქართლისაჲ,12,,,285-287,
Katsareti,კაწარეთი [k’ats’arets],,Mokcevay kart‛lisay // მოქცევაჲ ქართლისაჲ,1,,,637,
Katsareti ,კხოეთა [k’khoeta],,Mokcevay kart‛lisay // მოქცევაჲ ქართლისაჲ,1,,,-,
Khevsureti,მთაჲ ცროლისა [mtaჲ tsrolisa],,Mokcevay kart‛lisay // მოქცევაჲ ქართლისაჲ,1,,,-,
Kolasti,კოლასტას [k’olast’as],,Mokcevay kart‛lisay // მოქცევაჲ ქართლისაჲ,3,,,-,
Kura,მტკუარსა [mtk'uarsa],F,Mokcevay kart‛lisay // მოქცევაჲ ქართლისაჲ,1,,,-,
Kura,მტკუარმან [mt’k’uarman],F,Mokcevay kart‛lisay // მოქცევაჲ ქართლისაჲ,10,,,-,
Kura,მტკუარსა [mt’k’uarsa],F,Mokcevay kart‛lisay // მოქცევაჲ ქართლისაჲ,12,,,-,
Liban,ლიბანით [libanit],,Mokcevay kart‛lisay // მოქცევაჲ ქართლისაჲ,7,,,-,
Manglisi,მანგლისს [mangliss],,Mokcevay kart‛lisay // მოქცევაჲ ქართლისაჲ,1,,,319-320,
Mcxeta,მცხეთაჲ [mtskhetay],,Mokcevay kart‛lisay // მოქცევაჲ ქართლისაჲ,1,,,350-363,
Mcxeta,მცხეთას [mtskhetas],,Mokcevay kart‛lisay // მოქცევაჲ ქართლისაჲ,1,,,350-363,
Mcxeta,მცხეთას [mtskhetas],,Mokcevay kart‛lisay // მოქცევაჲ ქართლისაჲ,12,,,350-363,
Muxnari,მუხნარისა [mukhnarisa],,Mokcevay kart‛lisay // მოქცევაჲ ქართლისაჲ,9,,,348-350,
Nastakisi,ნასტაგისი [nast’agisi],,Mokcevay kart‛lisay // მოქცევაჲ ქართლისაჲ,1,,,375-377,
Nekresi,ნეკრესს [nek’ress],,Mokcevay kart‛lisay // მოქცევაჲ ქართლისაჲ,1,,,379-383,
Nicaea,ნიკეას [nik’eas],,Mokcevay kart‛lisay // მოქცევაჲ ქართლისაჲ,4,,,-,
Odzrakhe,ოძრაჴე [odzraqe],,Mokcevay kart‛lisay // მოქცევაჲ ქართლისაჲ,1,,,402-403,
Paravani,ფარავნაჲ [paravnaჲ],,Mokcevay kart‛lisay // მოქცევაჲ ქართლისაჲ,4,,,-,
Pitali,პიტალანისასა [p’it’alani],,Mokcevay kart‛lisay // მოქცევაჲ ქართლისაჲ,3,,,-,
Pontus,პონტოდ [p’ont’od],,Mokcevay kart‛lisay // მოქცევაჲ ქართლისაჲ,4,,,-,
Rome,ჰრომით [hrom],,Mokcevay kart‛lisay // მოქცევაჲ ქართლისაჲ,11,,,-,
Rome,ჰრომედ [hrome],,Mokcevay kart‛lisay // მოქცევაჲ ქართლისაჲ,3,,,,
Rustavi,რუჲსთვისა [ruჲstvisa],,Mokcevay kart‛lisay // მოქცევაჲ ქართლისაჲ,1,,,422-425,
Sarkineti,სარკინე-ქალაქი [sark'ini-kalaki],,Mokcevay kart‛lisay // მოქცევაჲ ქართლისაჲ,1,,,448-449,
Sarkineti,სარკინე [sark’ine],,Mokcevay kart‛lisay // მოქცევაჲ ქართლისაჲ,1,,,448-449,
Sebastia,საბასტანით [sabast’anit],,Mokcevay kart‛lisay // მოქცევაჲ ქართლისაჲ,10,,,-,
Sidon,სიდონია [sidonia],,Mokcevay kart‛lisay // მოქცევაჲ ქართლისაჲ,8,,,-,
Siunik,სივნიეთა [sivnieta],,Mokcevay kart‛lisay // მოქცევაჲ ქართლისაჲ,1,,,-,
Siunik,სივნიეთი [sivnieti],,Mokcevay kart‛lisay // მოქცევაჲ ქართლისაჲ,1,,,-,
Siunik,გუასპურაგანი [guasp’uragani],,Mokcevay kart‛lisay // მოქცევაჲ ქართლისაჲ,1,,,-,
Siunik,სივნიეთს [sivniets],,Mokcevay kart‛lisay // მოქცევაჲ ქართლისაჲ,1,,,-,
Siunik,გუასპურაგანს [guasp’uragans],,Mokcevay kart‛lisay // მოქცევაჲ ქართლისაჲ,1,,,-,
Somkhiti,სომხითი [somkhiti],,Mokcevay kart‛lisay // მოქცევაჲ ქართლისაჲ,1,,,-,
Somkhiti,სომხითისა [somkhitisa],,Mokcevay kart‛lisay // მოქცევაჲ ქართლისაჲ,4,,,-,
Tabor,თაბორ [tabor],,Mokcevay kart‛lisay // მოქცევაჲ ქართლისაჲ,1,,,228,
Tabor,თაბორს [tabors],,Mokcevay kart‛lisay // მოქცევაჲ ქართლისაჲ,6,,,228,
Tbilisi,ტფილისად [t’pilisad],,Mokcevay kart‛lisay // მოქცევაჲ ქართლისაჲ,1,,,230-239,
Tbilisi,ტფილისს [t’piliss],,Mokcevay kart‛lisay // მოქცევაჲ ქართლისაჲ,1,,,230-239,
Tbilisi,კალაჲთ ტფილისისაჲთ [k’alaჲt t’pilisisaჲt],,Mokcevay kart‛lisay // მოქცევაჲ ქართლისაჲ,1,,,230-239,
Tbilisi,ტფილისს სიონი [t’piliss sioni],,Mokcevay kart‛lisay // მოქცევაჲ ქართლისაჲ,1,,,230-239,
Tbilisi,ტფილისს [t’piliss],,Mokcevay kart‛lisay // მოქცევაჲ ქართლისაჲ,1,,,230-239,
Timgaragi,ტიმგარაგი [t’imgaragi],,Mokcevay kart‛lisay // მოქცევაჲ ქართლისაჲ,3,,,-,
Tkhotis,თხოთისასა [tkhotisasa],,Mokcevay kart‛lisay // მოქცევაჲ ქართლისაჲ,15,,,-,
Tmonigoni,თმონიგონი [tmonigoni],,Mokcevay kart‛lisay // მოქცევაჲ ქართლისაჲ,3,,,-,
Tsilkani,წილკნისა [ts’ilk’nisa],,Mokcevay kart‛lisay // მოქცევაჲ ქართლისაჲ,1,,,611-612,
Tsobeni,წობენს [ts’obens],,Mokcevay kart‛lisay // მოქცევაჲ ქართლისაჲ,1,,,619-620,
Tsurtavi,ცურტავს [tsurt’avs],,Mokcevay kart‛lisay // მოქცევაჲ ქართლისაჲ,1,,,592-593,
Tusheti,ერუშეთი [erusheti],,Mokcevay kart‛lisay // მოქცევაჲ ქართლისაჲ,1,,,205,
Tusheti,თოშეთი [tosheti],,Mokcevay kart‛lisay // მოქცევაჲ ქართლისაჲ,1,,,205,
Txothi,თხოთისათა [tkhoti],,Mokcevay kart‛lisay // მოქცევაჲ ქართლისაჲ,9,,,-,
Ujarma,უჟარმითი [uzharmiti],,Mokcevay kart‛lisay // მოქცევაჲ ქართლისაჲ,1,,,516-520,
Ujarma,უჟარმას [uzharmas],,Mokcevay kart‛lisay // მოქცევაჲ ქართლისაჲ,1,,,516-520,
Ujarma,უჟარმას [uzharmas],,Mokcevay kart‛lisay // მოქცევაჲ ქართლისაჲ,13,,,516-520,
Ulopore,ულოპორეთა [ulop’oreta],,Mokcevay kart‛lisay // მოქცევაჲ ქართლისაჲ,4,,,-,
Upliscixe,უფლის-ციხედ [uplis-tsikhed],,Mokcevay kart‛lisay // მოქცევაჲ ქართლისაჲ,9,,,511-516,
Urbnisi,ურბნისი [urbnisi],,Mokcevay kart‛lisay // მოქცევაჲ ქართლისაჲ,1,,,506-509,
Urbnisi,ურბნისისასა [urbnisisasa],,Mokcevay kart‛lisay // მოქცევაჲ ქართლისაჲ,4,,,506-509,
Xeneshagi,ხენეშაგი [kheneshagi],,Mokcevay kart‛lisay // მოქცევაჲ ქართლისაჲ,3,,,-,
Xlacha,ხლაჭაჲ [khlach’a],,Mokcevay kart‛lisay // მოქცევაჲ ქართლისაჲ,3,,,-,
Xolama,ხოლამაჲ [kholamaჲ],,Mokcevay kart‛lisay // მოქცევაჲ ქართლისაჲ,3,,,-,
Xozaba,ხოზაბაჲ [khozaba],,Mokcevay kart‛lisay // მოქცევაჲ ქართლისაჲ,3,,,-,
Zaka,ზაქაჲ [zaka],,Mokcevay kart‛lisay // მოქცევაჲ ქართლისაჲ,3,,,-,
Zanavi,ზანავს [zanavs],,Mokcevay kart‛lisay // მოქცევაჲ ქართლისაჲ,1,,,221,
Zarda,ზარდაჲ [zarda],,Mokcevay kart‛lisay // მოქცევაჲ ქართლისაჲ,3,,,-,
Zarga,ზარგაჲ [zarga],,Mokcevay kart‛lisay // მოქცევაჲ ქართლისაჲ,3,,,-,
Zarzma, ზარმაჲ [zarma],,Mokcevay kart‛lisay // მოქცევაჲ ქართლისაჲ,3,,,-,
Zhaleti,ჟალეთი [zhaleti],,Mokcevay kart‛lisay // მოქცევაჲ ქართლისაჲ,1,,,409-411,
,სივნიელმან [sivnielman],,Mokcevay kart‛lisay // მოქცევაჲ ქართლისაჲ,2,,,-,
,კედარისათა [k’edarisata],,Mokcevay kart‛lisay // მოქცევაჲ ქართლისაჲ,10,,,-,
,ერგჳს [ergŭis],,Mokcevay kart‛lisay // მოქცევაჲ ქართლისაჲ,12,,,-,
Apahuni,"აპაჰუნისი
[apahunisi]",,"Passio Gobroni // წამებაჲ წმიდისა მოწამისა გობრონისი, რომელი განიყვანეს ყველის ციხით", 1 (Line of ed.:12),"Историческое событие:
Битва при Манцикерте","CAUCASUS IN GEORGIAN SOURCES. ENCYCLOPEDICAL DICTIONARY (c. 25) 
The Geography of Ananias of Sirak
(ASXARHACOYC) (с.165)",-,
Arsharunik,აშორნია [ashornia],P,"Passio Gobroni // წამებაჲ წმიდისა მოწამისა გობრონისი, რომელი განიყვანეს ყველის ციხით", 1 (Line of ed.:12),Крепостью Артагерс в Аршарунике,"http://www.nplg.gov.ge/gwdict/index.php?a=term&d=14&t=19604;
История древней Армении. От союза племен к могущественному Анийскому царству",-,"Also არშარუნიქი [arsharuniqi], Arm. Երաշաձոր"
Bagrevand ,"ბაგრევანდი
[bagrevandi]",C,"Passio Gobroni // წამებაჲ წმიდისა მოწამისა გობრონისი, რომელი განიყვანეს ყველის ციხით", 1 (Line of ed.:12),Монастырь Багаван (монастырь св. Иоанна Крестителя),Багаван. Православная энциклопедия. https://www.pravenc.ru/text/77312.html,-,
Calkoti,"წალკოიტი
[calkoiti]",C,"Passio Gobroni // წამებაჲ წმიდისა მოწამისა გობრონისი, რომელი განიყვანეს ყველის ციხით", 1 (Line of ed.:12),,"CAUCASUS IN GEORGIAN SOURCES. ENCYCLOPEDICAL DICTIONARY c. 204 
Генезис державы армянских Багратидов в условиях арабской власти, Шагинян Арсен Карапети
The Geography of Ananias of Sirak, Robert H. Hewsen (c. 211)",-,
Chakati,"ჭაკატი
[čakati]",,"Passio Gobroni // წამებაჲ წმიდისა მოწამისა გობრონისი, რომელი განიყვანეს ყველის ციხით", 1 (Line of ed.:12),,"The Geography of Ananias of Sirak, Robert H. Hewsen (c. 211)",-,
Dvin,"დვინი
[dvini]",C,"Passio Gobroni // წამებაჲ წმიდისა მოწამისა გობრონისი, რომელი განიყვანეს ყველის ციხით", 2 (Line of ed.:32),"Руины Двина, собор Святого Григора","Dvin. Encyclopedia Iranica. https://iranicaonline.org/articles/dvin
Двин. Большая Российская энциклопедия. https://bigenc.ru/archeology/text/1942504",-,
Dvina dašt,დვინადაშტი [dvinadašti],,"Passio Gobroni // წამებაჲ წმიდისა მოწამისა გობრონისი, რომელი განიყვანეს ყველის ციხით",1  (Line of ed.:14),"Кафедральный Собор, Церковь Святого Саргиса, Дворец Католикоса","CAUCASUS IN GEORGIAN SOURCES. ENCYCLOPEDICAL DICTIONARY c. 276
https://www.pravenc.ru/text/171488.html",-,
Gelakuni,"გელაქუნია
[gelakunia]",,"Passio Gobroni // წამებაჲ წმიდისა მოწამისა გობრონისი, რომელი განიყვანეს ყველის ციხით", 1 (Line of ed.:14),,CAUCASUS IN GEORGIAN SOURCES. ENCYCLOPEDICAL DICTIONARY c. 292,-,
Kilbopori,"კილბოფორი
[kilbop’ori]
(арм. kolbop'or)",,"Passio Gobroni // წამებაჲ წმიდისა მოწამისა გობრონისი, რომელი განიყვანეს ყველის ციხით", 1 (Line of ed.:15),Руины церкви Сиони,"The Geography of Ananias of Sirak, Robert H. Hewsen (c. 202)",-,
Koghovit,"კოგოვიტი
[kogoviti]",,"Passio Gobroni // წამებაჲ წმიდისა მოწამისა გობრონისი, რომელი განიყვანეს ყველის ციხით", 1 (Line of ed.:12),"Крепость Дайроник (Дариунк, также Баязет)","CAUCASUS IN GEORGIAN SOURCES. ENCYCLOPEDICAL DICTIONARY (c. 96)
The Geography of Ananias of Sirak
(ASXARHACOYC) (c. 186)
История древней Армении. От союза племен к могущественному Анийскому царству.",-,
Persia ,"სპარსეთი
[sparset’i]",,"Passio Gobroni // წამებაჲ წმიდისა მოწამისა გობრონისი, რომელი განიყვანეს ყველის ციხით", 2 (Line of ed.:28),,The Sasanian World through Georgian Eyes. Stephen H. Rapp Jr,-,
Queli,ყველი/ ყუელი  [qveli],,"Passio Gobroni // წამებაჲ წმიდისა მოწამისა გობრონისი, რომელი განიყვანეს ყველის ციხით", 1 (Line of ed.: 30),ყველის ციხე (крепость Квели),"A TOPOARCHAEOLOGICAL 
 DICTIONARY OF 
Kartlis Tskhovreba (The History of Georgia)
 (с. 565)
dscc_000054.pdf",565,
Sharuri,"შარური
[sharuri]",,"Passio Gobroni // წამებაჲ წმიდისა მოწამისა გობრონისი, რომელი განიყვანეს ყველის ციხით", 1 (Line of ed.:13),,"The Geography of Ananias of Sirak, Robert H. Hewsen (c. 211)",-,
Shavsheti,"შავშეთი
[šavshet’i]",,"Passio Gobroni // წამებაჲ წმიდისა მოწამისა გობრონისი, რომელი განიყვანეს ყველის ციხით", 3 (Line of ed.:15),Крепость Сатле,Грузинская православная церковь. https://www.pravenc.ru/text/638558.html,-,
Siunik,სივნიეთი [sivniet'i],,"Passio Gobroni // წამებაჲ წმიდისა მოწამისა გობრონისი, რომელი განიყვანეს ყველის ციხით", 1 (Line of ed.:14),"Церковь Танаат, Гладзорский университет, «Гладзорское Евангелие», Церковь Сисаван",The Armenian People from Ancient to Modern Times. Richard Hovannisian.,-,
Talin,"თალინ
[t’alin]",,"Passio Gobroni // წამებაჲ წმიდისა მოწამისა გობრონისი, რომელი განიყვანეს ყველის ციხით"," 4
(Line of ed.:3)",Кафедральная церковь (Талинский собор),Талинский собор – хранилище хачкаров https://www.armmuseum.ru/news-blog/cathedral-of-talin,-,
Tashir,"ტაშირი
[tashiri]",,"Passio Gobroni // წამებაჲ წმიდისა მოწამისა გობრონისი, რომელი განიყვანეს ყველის ციხით", 1 (Line of ed.:15),"Крепость Лори, Армянско-апостольский монастырь Одзун, Монастырь Пгндзаанк",The Armeno-Georgian Marchland. Cyril Toumanoff (https://archive.org/details/ToumanoffArmenoGeorgianMarchlands/page/n3/mode/2up?q=tashiri),-,
Vanand,ვანანდი [vanandi],,"Passio Gobroni // წამებაჲ წმიდისა მოწამისა გობრონისი, რომელი განიყვანეს ყველის ციხით", 1(Line of ed.:11),Карс – крепость и город на Армянском нагорье,"https://frankensaurus.com/Vanand;
Карс. Православная энциклопедия. https://www.pravenc.ru/text/1681163.html",-,
Vaspurakan,"ვასპურაგან
[vaspuragan]",,"Passio Gobroni // წამებაჲ წმიდისა მოწამისა გობრონისი, რომელი განიყვანეს ყველის ციხით", 1 (Line of ed.:13),"Нарекский монастырь, Варагский монастырь (Нор Варагаванк), Монастырь Святого Варфоломея, Монастырь Святого Фаддея, Монастырь Святого Стефана (Дарашамб)","The History of Vartan, and of the Battle of the Armenians: Persians and Armenians (с. 14)
http://vaspurakan.blogspot.com/",-,
Vayocdzor,"ვაჲძორი
[vaijori]
(Вайоц дзор)",,"Passio Gobroni // წამებაჲ წმიდისა მოწამისა გობრონისი, რომელი განიყვანეს ყველის ციხით", 1 (Line of ed.:13),"Церковь Арени, Нораванк, Монастырь Танаат","The Geography of Ananias of Sirak, Robert H. Hewsen (c. 192)",-,
Arbuketi,არბუკეტი [arbuḳeti],,Passio S. Eustathii Mcchet.// მარტჳლობაჲ და მოთმინებაჲ წმიდისა ევსტათი მცხეთელისაჲ,2,,Арбукети,-,
Arshaketi,არშაკეთისაჲ [aršaḳet'isay],P,Passio S. Eustathii Mcchet.// მარტჳლობაჲ და მოთმინებაჲ წმიდისა ევსტათი მცხეთელისაჲ,4,,Аршакет,-,
Canaan, ქანან [kanan],,Passio S. Eustathii Mcchet.// მარტჳლობაჲ და მოთმინებაჲ წმიდისა ევსტათი მცხეთელისაჲ,5,,земля Ханаанскаяя,-,
Euphrates,ევფრატსა [evp'ratsa],,Passio S. Eustathii Mcchet.// მარტჳლობაჲ და მოთმინებაჲ წმიდისა ევსტათი მცხეთელისაჲ,5,,река Ефрат,-,
Gandzak,განძაკისაჲ [gandzaki],C,Passio S. Eustathii Mcchet.// მარტჳლობაჲ და მოთმინებაჲ წმიდისა ევსტათი მცხეთელისაჲ,2,,,-,
Gandzak,განძაკს [gandzak],C,Passio S. Eustathii Mcchet.// მარტჳლობაჲ და მოთმინებაჲ წმიდისა ევსტათი მცხეთელისაჲ,2,,,-,
Gandzak,განძაკისაჲ [gandzakisai],C,Passio S. Eustathii Mcchet.// მარტჳლობაჲ და მოთმინებაჲ წმიდისა ევსტათი მცხეთელისაჲ,4,,,-,
Gandzak,განძაკისაჲ [gand͡zaḳisay],C,Passio S. Eustathii Mcchet.// მარტჳლობაჲ და მოთმინებაჲ წმიდისა ევსტათი მცხეთელისაჲ,4,,Ганджак,-,
Ganrakili,განრრაკილი [ganrraḳili],,Passio S. Eustathii Mcchet.// მარტჳლობაჲ და მოთმინებაჲ წმიდისა ევსტათი მცხეთელისაჲ,2,,Ганракили,-,
Hebron,ქებრონ [k'ebron],,Passio S. Eustathii Mcchet.// მარტჳლობაჲ და მოთმინებაჲ წმიდისა ევსტათი მცხეთელისაჲ,5,,Хеврон,-,
Iberia,იბერია [iberia],,Passio S. Eustathii Mcchet.// მარტჳლობაჲ და მოთმინებაჲ წმიდისა ევსტათი მცხეთელისაჲ,1,,Иверии,-,
Jordan,იორდანესა [iordanesa],,Passio S. Eustathii Mcchet.// მარტჳლობაჲ და მოთმინებაჲ წმიდისა ევსტათი მცხეთელისაჲ,6,,Иордан,-,
Kartli,ქართლისასა [kartli],,Passio S. Eustathii Mcchet.// მარტჳლობაჲ და მოთმინებაჲ წმიდისა ევსტათი მცხეთელისაჲ, 1,,,-,
Kartli,ქართლისა [kartlisa],,Passio S. Eustathii Mcchet.// მარტჳლობაჲ და მოთმინებაჲ წმიდისა ევსტათი მცხეთელისაჲ,2,,,-,
Kartli,ქართლისა [kartli],,Passio S. Eustathii Mcchet.// მარტჳლობაჲ და მოთმინებაჲ წმიდისა ევსტათი მცხეთელისაჲ,2,,,-,
Kartli,ქართლისასა [kartli],,Passio S. Eustathii Mcchet.// მარტჳლობაჲ და მოთმინებაჲ წმიდისა ევსტათი მცხეთელისაჲ,2,,,-,
Kartli,ქართლად [kartl],,Passio S. Eustathii Mcchet.// მარტჳლობაჲ და მოთმინებაჲ წმიდისა ევსტათი მცხეთელისაჲ,3,,,-,
Kartli,ქართლისა [kartlisa],,Passio S. Eustathii Mcchet.// მარტჳლობაჲ და მოთმინებაჲ წმიდისა ევსტათი მცხეთელისაჲ,3,,,-,
Kartli,ქართლისანი [kartlisani],,Passio S. Eustathii Mcchet.// მარტჳლობაჲ და მოთმინებაჲ წმიდისა ევსტათი მცხეთელისაჲ,3,,,-,
Kartli,ქართლისა [kartlisa],,Passio S. Eustathii Mcchet.// მარტჳლობაჲ და მოთმინებაჲ წმიდისა ევსტათი მცხეთელისაჲ,3,,,-,
Kartli,ქართლისა [kartlisa],,Passio S. Eustathii Mcchet.// მარტჳლობაჲ და მოთმინებაჲ წმიდისა ევსტათი მცხეთელისაჲ,3,,,-,
Kartli,ქართლისა [kartlisa],,Passio S. Eustathii Mcchet.// მარტჳლობაჲ და მოთმინებაჲ წმიდისა ევსტათი მცხეთელისაჲ,3,,,-,
Kartli,ქართლისა [kartlisa],,Passio S. Eustathii Mcchet.// მარტჳლობაჲ და მოთმინებაჲ წმიდისა ევსტათი მცხეთელისაჲ,4,,,-,
Kartli,ქართლი [kart'li],,Passio S. Eustathii Mcchet.// მარტჳლობაჲ და მოთმინებაჲ წმიდისა ევსტათი მცხეთელისაჲ,1,"Coll.Hag.I, Mart._Konst._Kax., II, 16 (B_132)  ",Грузией,-,
Kartli,ქართლისა [kart'lisa],,Passio S. Eustathii Mcchet.// მარტჳლობაჲ და მოთმინებაჲ წმიდისა ევსტათი მცხეთელისაჲ,2,"Coll.Hag.I, Mart._Konst._Kax., II, 16 (B_132)  ",Карталинию,-,
Mcxeta,მცხეთად [mtskheta],,Passio S. Eustathii Mcchet.// მარტჳლობაჲ და მოთმინებაჲ წმიდისა ევსტათი მცხეთელისაჲ,1,,,350-363,
Mcxeta,მცხეთად [mtskheta],,Passio S. Eustathii Mcchet.// მარტჳლობაჲ და მოთმინებაჲ წმიდისა ევსტათი მცხეთელისაჲ,2,,,350-363,
Mcxeta,მცხეთისამან [mtskheti],,Passio S. Eustathii Mcchet.// მარტჳლობაჲ და მოთმინებაჲ წმიდისა ევსტათი მცხეთელისაჲ,2,,,350-363,
Mcxeta,მცხეთით [mtskhetit],,Passio S. Eustathii Mcchet.// მარტჳლობაჲ და მოთმინებაჲ წმიდისა ევსტათი მცხეთელისაჲ,4,,,350-363,
Mcxeta,მცხეთას [mtskhetas],,Passio S. Eustathii Mcchet.// მარტჳლობაჲ და მოთმინებაჲ წმიდისა ევსტათი მცხეთელისაჲ,4,,,350-363,
Mcxeta,მცხეთისასა [mtskhetisasa],,Passio S. Eustathii Mcchet.// მარტჳლობაჲ და მოთმინებაჲ წმიდისა ევსტათი მცხეთელისაჲ,4,,,350-363,
Mcxeta,მცხეთას [mtskhetas],,Passio S. Eustathii Mcchet.// მარტჳლობაჲ და მოთმინებაჲ წმიდისა ევსტათი მცხეთელისაჲ,4,,,350-363,
Mcxeta,მცხეთას [mtskhetas],,Passio S. Eustathii Mcchet.// მარტჳლობაჲ და მოთმინებაჲ წმიდისა ევსტათი მცხეთელისაჲ,7,,,350-363,
Mcxeta,მცხეთას [mtskhetas],,Passio S. Eustathii Mcchet.// მარტჳლობაჲ და მოთმინებაჲ წმიდისა ევსტათი მცხეთელისაჲ,8,,,350-363,
Mcxeta,მცხეთას [mtskhetas],,Passio S. Eustathii Mcchet.// მარტჳლობაჲ და მოთმინებაჲ წმიდისა ევსტათი მცხეთელისაჲ,8,,,350-363,
Mcxeta,მცხეთას [mtskhetas],,Passio S. Eustathii Mcchet.// მარტჳლობაჲ და მოთმინებაჲ წმიდისა ევსტათი მცხეთელისაჲ,8,,,350-363,
Mcxeta,მცხეთას [mtskhetas],,Passio S. Eustathii Mcchet.// მარტჳლობაჲ და მოთმინებაჲ წმიდისა ევსტათი მცხეთელისაჲ,8,,,350-363,
Mcxeta,მცხეთისასა [mtskhetisasa],,Passio S. Eustathii Mcchet.// მარტჳლობაჲ და მოთმინებაჲ წმიდისა ევსტათი მცხეთელისაჲ,8,,,350-363,
Mcxeta,მცხეთა [mc̣ʿhet'a],,Passio S. Eustathii Mcchet.// მარტჳლობაჲ და მოთმინებაჲ წმიდისა ევსტათი მცხეთელისაჲ,2,,Мцхета,350-363,
Persia,სპარსეთით [sparset'it'],,Passio S. Eustathii Mcchet.// მარტჳლობაჲ და მოთმინებაჲ წმიდისა ევსტათი მცხეთელისაჲ,1,,Персии,-,
Sinai,სინაჲ [sinay],,Passio S. Eustathii Mcchet.// მარტჳლობაჲ და მოთმინებაჲ წმიდისა ევსტათი მცხეთელისაჲ,5,,гора Синай,-,
Syria,სპარსეთისაჲ [sharset'isay],,Passio S. Eustathii Mcchet.// მარტჳლობაჲ და მოთმინებაჲ წმიდისა ევსტათი მცხეთელისაჲ,3,,Сирии,-,
Tbilisi,ტფილისს [tp'iliss],,Passio S. Eustathii Mcchet.// მარტჳლობაჲ და მოთმინებაჲ წმიდისა ევსტათი მცხეთელისაჲ,2,,,230-239,
Tbilisi,ტფილისს [tp'ilis],,Passio S. Eustathii Mcchet.// მარტჳლობაჲ და მოთმინებაჲ წმიდისა ევსტათი მცხეთელისაჲ,2,,,230-239,
Tbilisi,ტფილისა [tp'ilisa],,Passio S. Eustathii Mcchet.// მარტჳლობაჲ და მოთმინებაჲ წმიდისა ევსტათი მცხეთელისაჲ,4,,,230-239,
Tbilisi,ტფილისს [tp'iliss],,Passio S. Eustathii Mcchet.// მარტჳლობაჲ და მოთმინებაჲ წმიდისა ევსტათი მცხეთელისაჲ,4,,,230-239,
Tbilisi,ტფილისს [tp'iliss],,Passio S. Eustathii Mcchet.// მარტჳლობაჲ და მოთმინებაჲ წმიდისა ევსტათი მცხეთელისაჲ,4,,,230-239,
Tbilisi,ტფილისს [tp'iliss],,Passio S. Eustathii Mcchet.// მარტჳლობაჲ და მოთმინებაჲ წმიდისა ევსტათი მცხეთელისაჲ,4,,,230-239,
Tbilisi,ტფილისს [tp'iliss],,Passio S. Eustathii Mcchet.// მარტჳლობაჲ და მოთმინებაჲ წმიდისა ევსტათი მცხეთელისაჲ,4,,,230-239,
Tbilisi,ტფილისს [tp'iliss],,Passio S. Eustathii Mcchet.// მარტჳლობაჲ და მოთმინებაჲ წმიდისა ევსტათი მცხეთელისაჲ,8,,,230-239,
Tbilisi,ტფილისს [tp'iliss],,Passio S. Eustathii Mcchet.// მარტჳლობაჲ და მოთმინებაჲ წმიდისა ევსტათი მცხეთელისაჲ,2,,Тифлис,230-239,
Kartli,ქართლისასა [kartlisasa],,"Vita et passio Constantini Karthv.// ცხორებაჲ და წამებაჲ წმიდისა მოწამისა კოსტანტი ქართველისაჲ, რომელი იწამა ბაბილონელთა მეფისა ჯაფარის მიერ",2,,,-,
Kartli,ქართლისასა [kartlisasa],,"Vita et passio Constantini Karthv.// ცხორებაჲ და წამებაჲ წმიდისა მოწამისა კოსტანტი ქართველისაჲ, რომელი იწამა ბაბილონელთა მეფისა ჯაფარის მიერ",3,,,-,
Kartli,ქართლისასა [kartlisasa],,"Vita et passio Constantini Karthv.// ცხორებაჲ და წამებაჲ წმიდისა მოწამისა კოსტანტი ქართველისაჲ, რომელი იწამა ბაბილონელთა მეფისა ჯაფარის მიერ",3,,,-,
Kaxa,კახაჲ [kakhai],,"Vita et passio Constantini Karthv.// ცხორებაჲ და წამებაჲ წმიდისა მოწამისა კოსტანტი ქართველისაჲ, რომელი იწამა ბაბილონელთა მეფისა ჯაფარის მიერ",2,,"Есть две версии происхождения данного прозвища: 1) по городу c таким же названием в области Зена-Сопели, как утверждает источник; 2) по провинции Кахетия.`",-,
Somhithi,სომხითით [somkhitit],,"Vita et passio Constantini Karthv.// ცხორებაჲ და წამებაჲ წმიდისა მოწამისა კოსტანტი ქართველისაჲ, რომელი იწამა ბაბილონელთა მეფისა ჯაფარის მიერ",5,,,-,
Tbilisi,ტფილისად [tp'ilisad],,"Vita et passio Constantini Karthv.// ცხორებაჲ და წამებაჲ წმიდისა მოწამისა კოსტანტი ქართველისაჲ, რომელი იწამა ბაბილონელთა მეფისა ჯაფარის მიერ",3,,,230-239,
Tbilisi,ტფილისს [tp'iliss],,"Vita et passio Constantini Karthv.// ცხორებაჲ და წამებაჲ წმიდისა მოწამისა კოსტანტი ქართველისაჲ, რომელი იწამა ბაბილონელთა მეფისა ჯაფარის მიერ",4,,,230-239,
Tbilisi,ტფილი(ს) [tp'ili(s)],,"Vita et passio Constantini Karthv.// ცხორებაჲ და წამებაჲ წმიდისა მოწამისა კოსტანტი ქართველისაჲ, რომელი იწამა ბაბილონელთა მეფისა ჯაფარის მიერ",4,,,230-239,
Zena,ზენა [zena soplisasa],,"Vita et passio Constantini Karthv.// ცხორებაჲ და წამებაჲ წმიდისა მოწამისა კოსტანტი ქართველისაჲ, რომელი იწამა ბაბილონელთა მეფისა ჯაფარის მიერ",2,,village (სოფლი),-,
Babylon,ბაბილონს [babilons],,Vita et Passio Konstanti-Kaxay // კოსტანტი კახის მარტვილობა,5,"1. Coll.Hag.I, Vita_Shio_Evagr., XII, 223, 27 (I_17r)",Babylon,-,
Hagar,ჰაგარი [hagari],,Vita et Passio Konstanti-Kaxay // კოსტანტი კახის მარტვილობა,1,,Hagar,-,
Kartli,ქართლისასა [kartlisasa],,Vita et Passio Konstanti-Kaxay // კოსტანტი კახის მარტვილობა,2,"Coll.Hag.I, Mart._Konst._Kax., II, 16 (B_132)  ",Kaxay,-,
Kartli,ქართლი [kart'li],,Vita et Passio Konstanti-Kaxay // კოსტანტი კახის მარტვილობა,2,"1. Coll.Hag.I, Mart._Eust., II, 32, 9 (H_834). 2. Coll.Hag.I, Mart._Eust., III, 33, 33 (H_838). 3. Coll.Hag.I, Mart._Eust., III, 34, 2 (H_838). 4. Coll.Hag.I, Mart._Eust., III, 34, 2 (H_838). 5. Coll.Hag.I, Mart._Habo, 46, 0 (D_402). 6. Coll.Hag.I, Vita_Grig.Xanct., 42, 42 (J_198r). 7. Coll.Hag.I, Vita_Abib.Nekr._A, III, 31 (G_130)  ",K'art'li,-,
Samarra,სამარაი [samaray],,Vita et Passio Konstanti-Kaxay // კოსტანტი კახის მარტვილობა,5,,Sãmarrã,-,
Somkhiti,სომხითით [somkhitit],,Vita et Passio Konstanti-Kaxay // კოსტანტი კახის მარტვილობა,5,,Somxit'i,-,
Tbilisi,ტფილის [tp'ilis],,Vita et Passio Konstanti-Kaxay // კოსტანტი კახის მარტვილობა,3,,Tb'ilisi,230-239,
Teman,ტემან [teman],,Vita et Passio Konstanti-Kaxay // კოსტანტი კახის მარტვილობა,5,,Teman,-,
Zena,ზენა სოფლუ,,Vita et Passio Konstanti-Kaxay // კოსტანტი კახის მარტვილობა,2,,Zena-Sop'eli,-,
Antioch,ანტიოქიი [ant'iokii],C,Vita Iohann. Zedazn. // ცხორებაჲ და მოქალაქობაჲ წმიდისა მამისა ჩუენისა იოვანე ზედაძნელისაჲ და მოწაფეთა მისთაჲ. რომელთა განანათლეს ქუეყანაჲ ესე ჩრდილოეთისაჲ ,1, ,,-,
Alaverdi,ალავერდი [alaverdi],C,Vita Iohann. Zedazn.// ცხორებაჲ და მოქალაქობაჲ წმიდისა მამისა ჩუენისა იოვანე ზედაძნელისაჲ და მოწაფეთა მისთაჲ. რომელთა განანათლეს ქუეყანაჲ ესე ჩრდილოეთისაჲ ,17,"1. Coll.Hag.I, Vita_Shio_Evagr., XVII, 229, 6 (I_19v). 2. Coll.Hag.I, Vita_Abib.Nekr._A, III, 247, 25 (G_130)  ",,22-25,
Aragvi,არაგჳ [aragvi],F,Vita Iohann. Zedazn.// ცხორებაჲ და მოქალაქობაჲ წმიდისა მამისა ჩუენისა იოვანე ზედაძნელისაჲ და მოწაფეთა მისთაჲ. რომელთა განანათლეს ქუეყანაჲ ესე ჩრდილოეთისაჲ ,3,,,-,
Babylon,ბაბილონს [babilons],,Vita Iohann. Zedazn.// ცხორებაჲ და მოქალაქობაჲ წმიდისა მამისა ჩუენისა იოვანე ზედაძნელისაჲ და მოწაფეთა მისთაჲ. რომელთა განანათლეს ქუეყანაჲ ესე ჩრდილოეთისაჲ ,12,"1. Coll.Hag.I, Vita_Shio_Evagr., XII, 223, 27 (I_17r)",,-,
Garedzha,გარესჯი [garesdzhi],Pa,Vita Iohann. Zedazn.// ცხორებაჲ და მოქალაქობაჲ წმიდისა მამისა ჩუენისა იოვანე ზედაძნელისაჲ და მოწაფეთა მისთაჲ. რომელთა განანათლეს ქუეყანაჲ ესე ჩრდილოეთისაჲ ,4,"1. Coll.Hag.I, Vita_Shio_Evagr., XVII, 229, 9 (I_19v). 2.  Coll.Hag.I, Vita_Abib.Nekr._A, III, 247, 29 (G_130)   ",,133-137,
Garedzha,გარესჯისაჲ [garesdzhisai],Pa,Vita Iohann. Zedazn.// ცხორებაჲ და მოქალაქობაჲ წმიდისა მამისა ჩუენისა იოვანე ზედაძნელისაჲ და მოწაფეთა მისთაჲ. რომელთა განანათლეს ქუეყანაჲ ესე ჩრდილოეთისაჲ ,17,"1. Coll.Hag.I, Vita_Shio_Evagr., XVII, 229, 9 (I_19v). 2. Coll.Hag.I, Vita_Abib.Nekr._A, III, 247, 29 (G_130)  ",,133-137,
Iulthi,იულთისაჲ [iultisai],,Vita Iohann. Zedazn.// ცხორებაჲ და მოქალაქობაჲ წმიდისა მამისა ჩუენისა იოვანე ზედაძნელისაჲ და მოწაფეთა მისთაჲ. რომელთა განანათლეს ქუეყანაჲ ესე ჩრდილოეთისაჲ ,17,"1. Coll.Hag.I, Vita_Shio_Evagr., XVII, 229, 7 (I_19v). 2. Coll.Hag.I, Vita_Abib.Nekr._A, III, 247, 27 (G_130)  ",?,-,
Kacheti,კახეთით [kahetit],P,Vita Iohann. Zedazn.// ცხორებაჲ და მოქალაქობაჲ წმიდისა მამისა ჩუენისა იოვანე ზედაძნელისაჲ და მოწაფეთა მისთაჲ. რომელთა განანათლეს ქუეყანაჲ ესე ჩრდილოეთისაჲ ,4,"1. Coll.Hag.I, Mokc._B, 1, 91, 33 (C_5r, XI). 2. Coll.Hag.I, Vita_Shio_Evagr., XVII, 229, 8 (I_19v)  ",,-,
Kacheti,კახეთს [kasets],,Vita Iohann. Zedazn.// ცხორებაჲ და მოქალაქობაჲ წმიდისა მამისა ჩუენისა იოვანე ზედაძნელისაჲ და მოწაფეთა მისთაჲ. რომელთა განანათლეს ქუეყანაჲ ესე ჩრდილოეთისაჲ ,17,"1. Coll.Hag.I, Mokc._B, 1, 91, 33 (C_5r, XI). 2. Coll.Hag.I, Vita_Shio_Evagr., XVII, 229, 8 (I_19v)  ",,-,
Kartli,ქართლისასა [kartlisasa],P,Vita Iohann. Zedazn.// ცხორებაჲ და მოქალაქობაჲ წმიდისა მამისა ჩუენისა იოვანე ზედაძნელისაჲ და მოწაფეთა მისთაჲ. რომელთა განანათლეს ქუეყანაჲ ესე ჩრდილოეთისაჲ ," 1,  6","Coll.Hag.I, Mart._Konst._Kax., II, 16 (B_132)  ",Georgia,-,
Kartli,ქართლი [kartli],,Vita Iohann. Zedazn.// ცხორებაჲ და მოქალაქობაჲ წმიდისა მამისა ჩუენისა იოვანე ზედაძნელისაჲ და მოწაფეთა მისთაჲ. რომელთა განანათლეს ქუეყანაჲ ესე ჩრდილოეთისაჲ ,Titul,"1. Coll.Hag.I, Mart._Eust., II, 32, 9 (H_834). 2. Coll.Hag.I, Mart._Eust., III, 33, 33 (H_838). 3. Coll.Hag.I, Mart._Eust., III, 34, 2 (H_838). 4. Coll.Hag.I, Mart._Eust., III, 34, 2 (H_838). 5. Coll.Hag.I, Mart._Habo, 46, 0 (D_402). 6. Coll.Hag.I, Vita_Grig.Xanct., 42, 42 (J_198r). 7. Coll.Hag.I, Vita_Abib.Nekr._A, III, 31 (G_130)  ",,-,
Kucheti,კუხეთით [kuhetit],P,Vita Iohann. Zedazn.// ცხორებაჲ და მოქალაქობაჲ წმიდისა მამისა ჩუენისა იოვანე ზედაძნელისაჲ და მოწაფეთა მისთაჲ. რომელთა განანათლეს ქუეყანაჲ ესე ჩრდილოეთისაჲ ,4, ,,-,
Mcxeta,მცხეთასა [mchetasa],C,Vita Iohann. Zedazn.// ცხორებაჲ და მოქალაქობაჲ წმიდისა მამისა ჩუენისა იოვანე ზედაძნელისაჲ და მოწაფეთა მისთაჲ. რომელთა განანათლეს ქუეყანაჲ ესე ჩრდილოეთისაჲ ," 1,  3",,,350-363,
Mcxeta,მცხეთი [mcheti],,Vita Iohann. Zedazn.// ცხორებაჲ და მოქალაქობაჲ წმიდისა მამისა ჩუენისა იოვანე ზედაძნელისაჲ და მოწაფეთა მისთაჲ. რომელთა განანათლეს ქუეყანაჲ ესე ჩრდილოეთისაჲ ,3,"1. Coll.Hag.I, Vita_Abib.Nekr._A, II, 243, 23 (G_127). 2. Coll.Hag.I, Mart._Eust., IV, 35, 6 (H_841). 3. Coll.Hag.I, Mart._Eust., VIII, 45, 18 (H_865). 4. Coll.Hag.I, Vita_Io.Zed._B, III, 13 (I_10r)   ",,350-363,
Mcxeta,მცხეთისათა [mchetisata],,Vita Iohann. Zedazn.// ცხორებაჲ და მოქალაქობაჲ წმიდისა მამისა ჩუენისა იოვანე ზედაძნელისაჲ და მოწაფეთა მისთაჲ. რომელთა განანათლეს ქუეყანაჲ ესე ჩრდილოეთისაჲ ,12,"1. Coll.Hag.I, Vita_Shio_Evagr., XII, 224, 20 (I_17v). 2. Coll.Hag.I, Mokc._B, 1, 94, 18 (C_6r, XXII)  ",,350-363,
Tsilkani,წილკნისასა [tsalknisasa],,Vita Iohann. Zedazn.// ცხორებაჲ და მოქალაქობაჲ წმიდისა მამისა ჩუენისა იოვანე ზედაძნელისაჲ და მოწაფეთა მისთაჲ. რომელთა განანათლეს ქუეყანაჲ ესე ჩრდილოეთისაჲ ," 11,  17","1. Coll.Hag.I, Vita_Shio_Evagr., XVII, 229, 14 (I_19v). 2. Coll.Hag.I, Vita_Shio_Evagr., XII, 224, 18 (I_17v). 3. Coll.Hag.I, Vita_Shio_Evagr., XI, 222, 2 (I_16r)  ",,611-612,
Tsilkani,წილკანს [tsilkans],,Vita Iohann. Zedazn.// ცხორებაჲ და მოქალაქობაჲ წმიდისა მამისა ჩუენისა იოვანე ზედაძნელისაჲ და მოწაფეთა მისთაჲ. რომელთა განანათლეს ქუეყანაჲ ესე ჩრდილოეთისაჲ ," 12,  17","1. Coll.Hag.I, Vita_Shio_Evagr., XII, 224, 18 (I_17v). 2. Coll.Hag.I, Vita_Shio_Evagr., XVII, 229, 14 (I_19v)  ",,611-612,
Arsiani,არსიან [arsian],M,Vita_Serap.Zarzm. // სერაპიონ ზარზმელის ცხოვრება,16,,гора Арсиани,-,
Bakta,ბაკთა [baḳt'a],,Vita_Serap.Zarzm. // სერაპიონ ზარზმელის ცხოვრება,8,,Бакта,-,
Beshken,ბეშქენ [bešken],,Vita_Serap.Zarzm. // სერაპიონ ზარზმელის ცხოვრება,17,,Бешкен,-,
Bobgha,ბობღა [bobĝa],,Vita_Serap.Zarzm. // სერაპიონ ზარზმელის ცხოვრება,25,,местность Бобга,-,
Bobxa,ბობხა [bobha],,Vita_Serap.Zarzm. // სერაპიონ ზარზმელის ცხოვრება,9,,равнина Бобха,-,
Chorchani,ჩორჩანი [čorčani],,Vita_Serap.Zarzm. // სერაპიონ ზარზმელის ცხოვრება,6,,окрестности Чорчани и Занави,-,
Dzindze,ძინძე [d͡zind͡ze],,Vita_Serap.Zarzm. // სერაპიონ ზარზმელის ცხოვრება,5,,Дзиндзе,-,
Goderdzis,გოდერძისა [boderd͡zisa],,Vita_Serap.Zarzm. // სერაპიონ ზარზმელის ცხოვრება,8,,ущелье Годердзиса,-,
Hupati,ხუფათ [hupʿat'],,Vita_Serap.Zarzm. // სერაპიონ ზარზმელის ცხოვრება,23,,местность Хупати,-,
Jvari,ბერას ჯუარ [beras d͡ʒuar],,Vita_Serap.Zarzm. // სერაპიონ ზარზმელის ცხოვრება,5,,Берас-Джвари,-,
Kartli,ქუეყანასა ქართლისასა  [kueqanasa kartlisasa],,Vita_Serap.Zarzm. // სერაპიონ ზარზმელის ცხოვრება,3,,страна Картли,-,
Klarjeti,ქუეყანასა კლარჯეთისასა[kueqanasa ḳlard͡ʒet'isasa],,Vita_Serap.Zarzm. // სერაპიონ ზარზმელის ცხოვრება,2,,страны Кларджетской,-,
Klarjeti,კლარჯეთისასა ოპიზას [ḳlard͡ʒet'isasa opičas],,Vita_Serap.Zarzm. // სერაპიონ ზარზმელის ცხოვრება,15,,Кларджетской пустыни Опизы,-,
Opiza,ოპიზაჲ [opičai],,Vita_Serap.Zarzm. // სერაპიონ ზარზმელის ცხოვრება,3,,пустыня Опиза,-,
Opiza,ოპიზას [opičas],,Vita_Serap.Zarzm. // სერაპიონ ზარზმელის ცხოვრება,14,,обитель Опиза,-,
Parekhi,პარეხ [pareh],,Vita_Serap.Zarzm. // სერაპიონ ზარზმელის ცხოვრება,3,,Парехи (место),-,
Queli,ყოველი [qoveli],,Vita_Serap.Zarzm. // სერაპიონ ზარზმელის ცხოვრება,16,,ущелье Квели,-,
Sadzmo,საძმო [sad͡zmo],,Vita_Serap.Zarzm. // სერაპიონ ზარზმელის ცხოვრება,8,,Садзмо (слияние двух рек),-,
Samtskhe-Javakheti,ქუეყანისა სამცხისათა [kueqanisa samc̣ʿhisat'a],,Vita_Serap.Zarzm. // სერაპიონ ზარზმელის ცხოვრება,4,,страну Самцхийскую,-,
Samtskhe-Javakheti,სამცხისა [samc̣ʿhisa],,Vita_Serap.Zarzm. // სერაპიონ ზარზმელის ცხოვრება,18,,Самцхийской областью,-,
Satahve,სათაჴუე [sat'awue],,Vita_Serap.Zarzm. // სერაპიონ ზარზმელის ცხოვრება,8,,озеро Сатахве,-,
Sheshistavi,შეშის-თავ [šešus-t'av],,Vita_Serap.Zarzm. // სერაპიონ ზარზმელის ცხოვრება,8,,гора Шешистави,-,
Shuartqli,შუარტყლელი [šuartqleli],,Vita_Serap.Zarzm. // სერაპიონ ზარზმელის ცხოვრება,14,,область Шуарткли,-,
Sula,სულა [sula],,Vita_Serap.Zarzm. // სერაპიონ ზარზმელის ცხოვრება,17,,Сула,-,
Tshorcha,ცხროჭა [c̣ʿhroč̣a],,Vita_Serap.Zarzm. // სერაპიონ ზარზმელის ცხოვრება,6,,Цхроча,-,
Umdzo,უმჯო [umd͡ʒo],,Vita_Serap.Zarzm. // სერაპიონ ზარზმელის ცხოვრება,13,,Умца,-,
Utqwisa,უტყჳსა [utqwsa],,Vita_Serap.Zarzm. // სერაპიონ ზარზმელის ცხოვრება,5,,долина Утквиса,-,
Zanavi,ზანავი [čanavi],,Vita_Serap.Zarzm. // სერაპიონ ზარზმელის ცხოვრება,7,,Занави,221,
Zanavi,ზანავი [čanavi],,Vita_Serap.Zarzm. // სერაპიონ ზარზმელის ცხოვრება,17,,Занави,-,
Zarzma,ზარზმა [čarčma],,Vita_Serap.Zarzm. // სერაპიონ ზარზმელის ცხოვრება,11,,Зарзма,221-222,
Zarzma,იოვანე-წმიდა [iovane-cmida],,Vita_Serap.Zarzm. // სერაპიონ ზარზმელის ცხოვრება,16,,Иованецмида,-,
Zarzma,ზარზმად [čarčmad],,Vita_Serap.Zarzm. // სერაპიონ ზარზმელის ცხოვრება,22,,местность Дзаргуа,221-222,